n_samples,n_ranks,total,per_proc,max_proc,time
1000.0,1,2635,2635.0,2635,38.60865569114685
2000.0,2,5260,2630.0,2630,38.84229111671448
4000.0,4,10524,2631.0,2632,39.284242391586304
8000.0,8,21048,2631.0,2632,42.83968806266785
16000.0,16,42101,2631.3125,2633,43.12076163291931
32000.0,32,84211,2631.59375,2634,52.67418575286865
64000.0,64,168426,2631.65625,2634,69.16052079200745
128000.0,128,168426,2631.65625,2634,680.0267012119293
