n_samples,n_ranks,total,per_proc,max_proc,time
128,32,2915,91.09375,93,5.125454902648926
256,32,3459,108.09375,111,7.331243515014648
512,32,4521,141.28125,143,11.477048873901367
1024,32,6663,208.21875,211,20.90181565284729
2048,32,10917,341.15625,344,39.66505217552185
4096,32,19433,607.28125,610,74.16822624206543
