n_samples,n_ranks,total,per_proc,max_proc,time
10.0,64,4937,77.140625,80,6.8100714683532715
100.0,64,4884,76.3125,80,8.005113363265991
1000.0,64,7220,112.8125,115,6.68166446685791
10000.0,64,30262,472.84375,477,15.335526943206787
100000.0,64,30262,472.84375,477,2479.9585978984833
