n_samples,n_ranks,total,per_proc,max_proc,time
1000.0,1,76,76.0,76,2.071894884109497
2000.0,2,148,74.0,74,2.0389413833618164
4000.0,4,301,75.25,77,2.2916436195373535
8000.0,8,593,74.125,76,2.665128469467163
16000.0,16,1197,74.8125,77,3.4400815963745117
32000.0,32,2395,74.84375,77,7.59743857383728
64000.0,64,4814,75.21875,78,14.947574615478516
128000.0,128,9693,75.7265625,80,29.66944670677185
