n_samples,n_ranks,total,per_proc,max_proc,time
128,1,608,608.0,608,68.4797842502594
256,2,1215,607.5,608,69.09766983985901
512,4,2426,606.5,607,69.07314944267273
1024,8,4851,606.375,607,69.86752319335938
2048,16,9720,607.5,610,71.1789538860321
4096,32,19457,608.03125,610,74.42338609695435
8192,64,38865,607.265625,612,84.92978501319885
