n_samples,n_ranks,total,per_proc,max_proc,time
128,1,82,82.0,82,68.07048344612122
256,2,160,80.0,80,68.3999981880188
512,4,319,79.75,82,68.67201137542725
1024,8,631,78.875,80,69.46526622772217
2048,16,1282,80.125,82,70.47251510620117
4096,32,2550,79.6875,82,73.05238151550293
8192,64,5105,79.765625,82,83.30853748321533
