n_samples,n_ranks,total,per_proc,max_proc,time
128,1,81,81.0,81,68.25203013420105
256,2,159,79.5,80,68.38628816604614
512,4,322,80.5,82,68.74989366531372
1024,8,633,79.125,81,69.47123885154724
2048,16,1274,79.625,81,70.22272682189941
4096,32,2544,79.5,82,72.63575863838196
