n_samples,n_ranks,total,per_proc,max_proc,time
1000.0,1,78,78.0,78,35.73744750022888
2000.0,2,154,77.0,78,36.773106813430786
4000.0,4,304,76.0,76,36.85819745063782
8000.0,8,611,76.375,78,37.075825929641724
16000.0,16,1215,75.9375,78,37.88114047050476
32000.0,32,2454,76.6875,79,41.81196141242981
64000.0,64,4913,76.765625,80,46.79526209831238
128000.0,128,9912,77.4375,81,73.27502679824829
