n_samples,n_ranks,total,per_proc,max_proc,time
128,16,1733,108.3125,111,5.718046188354492
256,16,2264,141.5,144,10.172308683395386
512,16,3328,208.0,210,18.63237714767456
1024,16,5463,341.4375,344,36.28477382659912
2048,16,9713,607.0625,608,70.56902980804443
4096,16,18239,1139.9375,1142,140.02146768569946
