n_samples,n_ranks,total,per_proc,max_proc,time
1000.0,1,77,77.0,77,35.6709725856781
1000.0,2,152,76.0,76,18.21666431427002
1000.0,4,304,76.0,76,9.432180166244507
1000.0,8,604,75.5,77,5.4157819747924805
1000.0,16,1217,76.0625,78,3.963132619857788
1000.0,32,2424,75.75,79,4.492339849472046
1000.0,64,4851,75.796875,78,8.264294385910034
1000.0,128,9892,77.28125,81,14.731802225112915
