n_samples,n_ranks,total,per_proc,max_proc,time
1000.0,1,2633,2633.0,2633,39.30932545661926
1000.0,2,2704,1352.0,1352,20.040398597717285
1000.0,4,2847,711.75,714,10.455195426940918
1000.0,8,3138,392.25,394,6.171252727508545
1000.0,16,3717,232.3125,236,4.135267496109009
1000.0,32,4882,152.5625,156,4.960059881210327
1000.0,64,7211,112.671875,115,7.191425085067749
1000.0,128,11992,93.6875,97,16.244670391082764
