,n_ranks,n_samples,mem_total,mem_per_proc,mem_max_proc,run_time,run_time_min,run_time_max
0,1,4,81,81.0,81,1.9697125273333334,1.938083924,1.987064382
1,2,8,161,80.5,81,1.9696215369999999,1.941220075,1.985077246
2,4,16,317,79.25,81,1.982969788,1.951384443,2.001315933
3,8,32,635,79.375,81,1.9942781273333334,1.988302563,2.004464066
4,16,64,1265,79.0625,81,1.9894786883333333,1.960024332,2.004647019
5,32,128,2543,79.46875,82,2.087084297,2.034767294,2.141951212
6,64,256,5100,79.6875,82,2.136462767,2.122679507,2.158990589
