n_samples,n_ranks,total,per_proc,max_proc,time
10.0,64,4922,76.90625,80,6.4380269050598145
100.0,64,4783,74.734375,77,7.687154769897461
1000.0,64,4775,74.609375,79,6.402413845062256
10000.0,64,4771,74.546875,78,7.378195285797119
100000.0,64,4764,74.4375,77,17.390296459197998
