n_samples,n_ranks,total,per_proc,max_proc,time
128,1,609,609.0,609,68.29981517791748
256,2,1215,607.5,608,68.49337458610535
512,4,2428,607.0,607,69.05946683883667
1024,8,4859,607.375,609,70.18114113807678
2048,16,9716,607.25,609,70.79281425476074
4096,32,19441,607.53125,610,73.88016629219055
