,n_ranks,n_samples,mem_total,mem_per_proc,mem_max_proc,run_time,run_time_min,run_time_max
0,32,4,2672,83.5,87,0.219630853,0.209090801,0.229433403
1,32,8,2650,82.8125,85,0.287156235,0.27261083,0.315140331
2,32,16,2648,82.75,86,0.4047532266666667,0.370520097,0.465847885
3,32,32,2518,78.6875,80,0.5423136763333334,0.511383193,0.561518685
4,32,64,2526,78.9375,81,1.0707994183333334,1.042450992,1.127167814
5,32,128,2537,79.28125,82,2.0495619466666666,2.028953974,2.090366421
