n_samples,n_ranks,total,per_proc,max_proc,time
128,16,1279,79.9375,82,6.139958620071411
256,16,1273,79.5625,82,10.236210346221924
512,16,1279,79.9375,83,18.82903742790222
1024,16,1285,80.3125,83,36.11221694946289
2048,16,1283,80.1875,82,70.68088507652283
4096,16,1278,79.875,82,138.48981475830078
