n_samples,n_ranks,total,per_proc,max_proc,time
128,32,2560,80.0,83,6.166017055511475
256,32,2547,79.59375,82,8.41587781906128
512,32,2541,79.40625,82,12.262451171875
1024,32,2530,79.0625,81,20.611921787261963
2048,32,2528,79.0,82,37.560322761535645
4096,32,2537,79.28125,81,72.01269364356995
