n_samples,n_ranks,total,per_proc,max_proc,time
128,32,2512,78.5,80,5.83048415184021
256,32,2541,79.40625,82,7.835715055465698
512,32,2533,79.15625,82,11.587379217147827
1024,32,2528,79.0,82,18.945826530456543
2048,32,2538,79.3125,82,35.4690899848938
4096,32,2531,79.09375,82,66.53797316551208
