n_samples,n_ranks,total,per_proc,max_proc,time
128,1,80,80.0,80,61.74485111236572
256,2,158,79.0,79,62.12573838233948
512,4,314,78.5,79,62.57392454147339
1024,8,634,79.25,81,63.65190529823303
2048,16,1264,79.0,80,64.34021830558777
4096,32,2525,78.90625,81,66.78854632377625
