n_samples,n_ranks,total,per_proc,max_proc,time
10.0,1,99,99,99,0.5462093353271484
100.0,1,329,329,329,3.9841394424438477
1000.0,1,2632,2632,2632,38.29190731048584
10000.0,1,25666,25666,25666,375.1842710971832
100000.0,1,25666,25666,25666,4123.7564787864685
