n_samples,n_ranks,total,per_proc,max_proc,time
10.0,1,77,77,77,0.6314530372619629
100.0,1,77,77,77,3.6720123291015625
1000.0,1,78,78,78,35.81089520454407
10000.0,1,80,80,80,352.8498966693878
100000.0,1,81,81,81,3561.506268262863
