n_samples,n_ranks,total,per_proc,max_proc,time
10.0,1,79,79,79,0.22159361839294434
100.0,1,75,75,75,0.38001036643981934
1000.0,1,76,76,76,2.0931684970855713
10000.0,1,76,76,76,18.693442821502686
100000.0,1,78,78,78,200.9828691482544
