n_samples,n_ranks,total,per_proc,max_proc,time
128,1,81,81.0,81,62.020623207092285
128,2,158,79.0,79,31.23389220237732
128,4,315,78.75,80,16.035167932510376
128,8,629,78.625,80,8.714494943618774
128,16,1267,79.1875,81,5.3478803634643555
128,32,2532,79.125,81,6.204545259475708
