n_samples,n_ranks,total,per_proc,max_proc,time
10.0,64,4903,76.609375,79,7.38886833190918
100.0,64,4829,75.453125,80,7.7173449993133545
1000.0,64,4868,76.0625,80,6.86677360534668
10000.0,64,4873,76.140625,79,13.955103635787964
100000.0,64,4900,76.578125,79,71.07844066619873
