time,max_proc,per_proc,total
0,75,72.53125,4642
1,77,74.921875,4795
