time,max_proc,per_proc,total
0,2617,2614.703125,167341
1,2708,2706.078125,173189
